ID_CCAA;CCAA;Sector;31/12/2018;31/12/2017;31/12/2016;31/12/2015;31/12/2014;31/12/2013;31/12/2012;31/12/2011;31/12/2010
1;ANDALUCÍA;Agricultura, ganadería, silvicultura y pesca;9486917;9539850;9130539;8990679;7047628;6831091;6126471;6747056;7130345
1;ANDALUCÍA;Industrias extractivas, suministro de energía eléctrica, gas, suministro de agua, actividades de saneamiento, gestión de residuos;18584713;18776441;17228296;16428310;15875402;15804557;16573699;16986741;16614034
1;ANDALUCÍA;Industria manufacturera;12738654;12886343;11907163;11349060;10902074;10652107;11278246;11826482;11711608
1;ANDALUCÍA;Construcción;10530530;9490909;8714677;8308293;7801096;7926494;9382966;11240247;13548900
1;ANDALUCÍA;Comercio al por mayor y al por menor, reparación de vehículos de motor y motocicletas, transporte y almacenamiento, hostelería;33588346;32767037;31176566;30130947;28784014;28210359;28954628;29286818;28656368
1;ANDALUCÍA;Información y comunicaciones;3390827;3293221;3251108;3168307;3157384;3342729;3478596;3539195;3669413
1;ANDALUCÍA;Actividades financieras y de seguros;5152344;4876717;4649838;4575143;4444487;4151503;4690455;4822590;5185885
1;ANDALUCÍA;Actividades inmobiliarias;18364644;18069471;17984114;17756561;18058466;18032870;17604444;17030051;16019966
1;ANDALUCÍA;Actividades profesionales, científicas y técnicas, actividades administrativas y servicios auxiliares;8583531;7898013;7486152;7513591;7242966;6666543;6768653;7192342;7158436
1;ANDALUCÍA;Administración pública y defensa, seguridad social obligatoria, educación, actividades sanitarias y de servicios sociales;31971518;30855732;30461552;29697863;28658965;28782685;28892408;30199843;30045811
1;ANDALUCÍA;Actividades artísticas, recreativas y de entretenimiento, reparación de artículos de uso doméstico y otros servicios;5821500;5813998;5705982;5685707;5503478;5575938;5718419;5891675;5793530
2;ARAGÓN;Agricultura, ganadería, silvicultura y pesca;2155297;2121750;2011281;1482601;1639412;1820410;1490726;1521011;1582068
2;ARAGÓN;Industrias extractivas, suministro de energía eléctrica, gas, suministro de agua, actividades de saneamiento, gestión de residuos;8205826;8015289;7381258;7305488;7314825;7033258;6860201;7333770;7381593
2;ARAGÓN;Industria manufacturera;6630371;6415306;5950078;5798093;5771376;5313318;5083428;5509500;5551348
2;ARAGÓN;Construcción;2412999;2155158;1994127;1830549;1753407;1819230;2133052;2493953;2964839
2;ARAGÓN;Comercio al por mayor y al por menor, reparación de vehículos de motor y motocicletas, transporte y almacenamiento, hostelería;6973083;6720578;6414205;6237028;6007064;5918820;6076548;6279167;6166445
2;ARAGÓN;Información y comunicaciones;871135;843619;833834;813421;806492;817444;830044;864577;878175
2;ARAGÓN;Actividades financieras y de seguros;1274910;1203245;1149536;1126603;1102323;1040503;1169342;1204371;1270141
2;ARAGÓN;Actividades inmobiliarias;3140979;3094334;3084032;3046481;3112822;3137550;3092736;2987697;2811743
2;ARAGÓN;Actividades profesionales, científicas y técnicas, actividades administrativas y servicios auxiliares;1771274;1691479;1602290;1519374;1424902;1415827;1478619;1503993;1445806
2;ARAGÓN;Administración pública y defensa, seguridad social obligatoria, educación, actividades sanitarias y de servicios sociales;6238435;6071495;5954097;5836809;5717586;5705727;5705653;5972630;6008812
2;ARAGÓN;Actividades artísticas, recreativas y de entretenimiento, reparación de artículos de uso doméstico y otros servicios;1052874;1067451;1051473;1040503;972142;1016568;1015350;1009001;1000191
3;ASTURIAS (PRINCIPADO DE);Agricultura, ganadería, silvicultura y pesca;319560;329102;315329;314705;301454;295180;308611;319618;318389
3;ASTURIAS (PRINCIPADO DE);Industrias extractivas, suministro de energía eléctrica, gas, suministro de agua, actividades de saneamiento, gestión de residuos;5086342;4956292;4274008;4177541;4069269;4142805;4335021;4660656;4855996
3;ASTURIAS (PRINCIPADO DE);Industria manufacturera;3815009;3634474;3104522;3011250;2929986;2953155;3048478;3396737;3547459
3;ASTURIAS (PRINCIPADO DE);Construcción;1616984;1493680;1386190;1307895;1252315;1292940;1556495;1800376;2073347
3;ASTURIAS (PRINCIPADO DE);Comercio al por mayor y al por menor, reparación de vehículos de motor y motocicletas, transporte y almacenamiento, hostelería;4614615;4528187;4368059;4309357;4077723;4034863;4242527;4439429;4356341
3;ASTURIAS (PRINCIPADO DE);Información y comunicaciones;597778;588572;582726;565405;561499;575262;581522;574613;587019
3;ASTURIAS (PRINCIPADO DE);Actividades financieras y de seguros;761189;719657;683641;675432;662512;608235;694000;692021;760402
3;ASTURIAS (PRINCIPADO DE);Actividades inmobiliarias;2161931;2141779;2135855;2118877;2159485;2173345;2125211;2048916;1940983
3;ASTURIAS (PRINCIPADO DE);Actividades profesionales, científicas y técnicas, actividades administrativas y servicios auxiliares;1406280;1290552;1196784;1169939;1125436;1165878;1221759;1319387;1241539
3;ASTURIAS (PRINCIPADO DE);Administración pública y defensa, seguridad social obligatoria, educación, actividades sanitarias y de servicios sociales;4035349;3920432;3857591;3851886;3773398;3804449;3795286;3980614;4018707
3;ASTURIAS (PRINCIPADO DE);Actividades artísticas, recreativas y de entretenimiento, reparación de artículos de uso doméstico y otros servicios;794640;803550;791512;787718;729986;762486;792575;809752;790681
4;BALEARES (ISLAS);Agricultura, ganadería, silvicultura y pesca;215251;212855;204269;130472;116456;102334;108582;97949;96420
4;BALEARES (ISLAS);Industrias extractivas, suministro de energía eléctrica, gas, suministro de agua, actividades de saneamiento, gestión de residuos;1975074;1974941;1866302;1840357;1772921;1660054;1751456;1893242;2053226
4;BALEARES (ISLAS);Industria manufacturera;829436;864513;857966;826195;792517;713091;747559;876583;942352
4;BALEARES (ISLAS);Construcción;1985064;1826938;1669729;1530471;1421385;1422144;1607475;1809615;2101212
4;BALEARES (ISLAS);Comercio al por mayor y al por menor, reparación de vehículos de motor y motocicletas, transporte y almacenamiento, hostelería;10693965;10464440;9943819;9135592;8548628;8189785;8234540;8143753;7993935
4;BALEARES (ISLAS);Información y comunicaciones;639613;620667;615125;597349;584997;605859;628456;661742;698320
4;BALEARES (ISLAS);Actividades financieras y de seguros;933777;892314;840794;826252;800018;749378;838121;883432;925509
4;BALEARES (ISLAS);Actividades inmobiliarias;4201092;4052518;3975058;3922073;3973378;3972749;3835673;3677013;3458385
4;BALEARES (ISLAS);Actividades profesionales, científicas y técnicas, actividades administrativas y servicios auxiliares;2300319;2174329;2073536;1981194;1801390;1654722;1623819;1642510;1578593
4;BALEARES (ISLAS);Administración pública y defensa, seguridad social obligatoria, educación, actividades sanitarias y de servicios sociales;4336436;4158078;4052315;3927130;3827596;3814159;3776048;3979734;3973276
4;BALEARES (ISLAS);Actividades artísticas, recreativas y de entretenimiento, reparación de artículos de uso doméstico y otros servicios;1206892;1218252;1187328;1167991;1088219;1098984;1127685;1132949;1110412
5;CANARIAS;Agricultura, ganadería, silvicultura y pesca;566288;561841;530519;515176;577127;592282;634645;704243;613057
5;CANARIAS;Industrias extractivas, suministro de energía eléctrica, gas, suministro de agua, actividades de saneamiento, gestión de residuos;3211469;3180439;2990412;2999277;2907052;2937256;3216067;3264282;3472665
5;CANARIAS;Industria manufacturera;1566646;1556240;1467221;1404391;1369010;1420975;1592674;1616840;1719662
5;CANARIAS;Construcción;2580051;2347634;2082820;1904006;1810773;1817315;2086872;2425013;2939545
5;CANARIAS;Comercio al por mayor y al por menor, reparación de vehículos de motor y motocicletas, transporte y almacenamiento, hostelería;14485023;14154778;13387067;12669377;12160470;11998541;11968947;12216617;11723892
5;CANARIAS;Información y comunicaciones;1101421;1074669;1066280;1029558;1023216;1072083;1085940;1155145;1203777
5;CANARIAS;Actividades financieras y de seguros;1211459;1135013;1098660;1079213;1040239;982966;1118130;1143625;1259469
5;CANARIAS;Actividades inmobiliarias;5391965;5266528;5170797;5106113;5148820;5185474;5038903;4851989;4508231
5;CANARIAS;Actividades profesionales, científicas y técnicas, actividades administrativas y servicios auxiliares;3019017;2897370;2786620;2631554;2340657;2306578;2279746;2458609;2486797
5;CANARIAS;Administración pública y defensa, seguridad social obligatoria, educación, actividades sanitarias y de servicios sociales;8233016;7906715;7817560;7667565;7635925;7614978;7446120;7855287;7940970
5;CANARIAS;Actividades artísticas, recreativas y de entretenimiento, reparación de artículos de uso doméstico y otros servicios;1839658;1824320;1772339;1735658;1604893;1578199;1642387;1648388;1627641
6;CANTABRIA;Agricultura, ganadería, silvicultura y pesca;216345;215111;202641;171510;181695;167675;197131;209067;197824
6;CANTABRIA;Industrias extractivas, suministro de energía eléctrica, gas, suministro de agua, actividades de saneamiento, gestión de residuos;2988519;2801083;2501073;2416674;2451764;2293356;2531250;2613411;2570365
6;CANTABRIA;Industria manufacturera;2562780;2398021;2125489;2071963;2116584;1956938;2168462;2218898;2139175
6;CANTABRIA;Construcción;979558;869843;833135;775531;740262;762899;887017;1033180;1255569
6;CANTABRIA;Comercio al por mayor y al por menor, reparación de vehículos de motor y motocicletas, transporte y almacenamiento, hostelería;2589537;2521296;2415437;2359385;2293218;2310956;2359417;2445409;2455548
6;CANTABRIA;Información y comunicaciones;294408;286261;283277;278699;279323;285945;289750;302719;320011
6;CANTABRIA;Actividades financieras y de seguros;418724;398526;384147;379143;367770;342827;389458;398856;429866
6;CANTABRIA;Actividades inmobiliarias;1398527;1377789;1373374;1371087;1398960;1399699;1361446;1311080;1226503
6;CANTABRIA;Actividades profesionales, científicas y técnicas, actividades administrativas y servicios auxiliares;755291;702085;664206;631188;572323;574133;562861;592212;590946
6;CANTABRIA;Administración pública y defensa, seguridad social obligatoria, educación, actividades sanitarias y de servicios sociales;2335903;2238240;2214099;2152550;2092165;2086878;2061685;2137888;2166105
6;CANTABRIA;Actividades artísticas, recreativas y de entretenimiento, reparación de artículos de uso doméstico y otros servicios;541111;546174;532319;517004;484592;495075;510187;527953;533715
7;CASTILLA Y LEÓN;Agricultura, ganadería, silvicultura y pesca;2916757;2614313;2668273;2302330;2077556;2413943;2422845;2488598;2584945
7;CASTILLA Y LEÓN;Industrias extractivas, suministro de energía eléctrica, gas, suministro de agua, actividades de saneamiento, gestión de residuos;11460909;11270947;10950521;10587071;10482348;10308821;10796289;11097656;10961019
7;CASTILLA Y LEÓN;Industria manufacturera;8892456;8711547;8443863;8005292;7960392;7665107;7884591;8271484;8223966
7;CASTILLA Y LEÓN;Construcción;3737447;3409888;3146848;3012167;2888899;2942731;3572465;4003519;4582546
7;CASTILLA Y LEÓN;Comercio al por mayor y al por menor, reparación de vehículos de motor y motocicletas, transporte y almacenamiento, hostelería;10826626;10671866;10306205;9820322;9425917;9297375;9752806;9997320;9745549
7;CASTILLA Y LEÓN;Información y comunicaciones;1004191;985880;975455;958514;948470;997591;1033205;1089834;1129197
7;CASTILLA Y LEÓN;Actividades financieras y de seguros;2057661;1964977;1900201;1880072;1812415;1709582;1943110;2000648;2179726
7;CASTILLA Y LEÓN;Actividades inmobiliarias;4648864;4602137;4608182;4589067;4685421;4722865;4606794;4456954;4217624
7;CASTILLA Y LEÓN;Actividades profesionales, científicas y técnicas, actividades administrativas y servicios auxiliares;2797365;2613676;2460892;2499028;2304225;2302552;2334196;2473672;2341588
7;CASTILLA Y LEÓN;Administración pública y defensa, seguridad social obligatoria, educación, actividades sanitarias y de servicios sociales;11930651;11549613;11258883;11108498;10846221;10871073;10775932;11146485;11317584
7;CASTILLA Y LEÓN;Actividades artísticas, recreativas y de entretenimiento, reparación de artículos de uso doméstico y otros servicios;1826968;1833402;1808491;1817392;1748073;1735644;1801284;1861121;1821024
8;CASTILLA-LA MANCHA;Agricultura, ganadería, silvicultura y pesca;3442962;3308032;3215452;2707453;2144543;2843633;2637439;2241119;2300390
8;CASTILLA-LA MANCHA;Industrias extractivas, suministro de energía eléctrica, gas, suministro de agua, actividades de saneamiento, gestión de residuos;8196819;8040104;7570098;7440524;7169754;7462234;7662763;7789445;7226701
8;CASTILLA-LA MANCHA;Industria manufacturera;6246250;6144998;5811205;5649162;5352739;5433613;5517924;5797155;5443501
8;CASTILLA-LA MANCHA;Construcción;2994661;2684375;2528865;2316638;2206306;2284255;2804665;3322836;4032910
8;CASTILLA-LA MANCHA;Comercio al por mayor y al por menor, reparación de vehículos de motor y motocicletas, transporte y almacenamiento, hostelería;7257355;6982119;6659019;6478422;6267958;6017784;6384448;6387965;6380599
8;CASTILLA-LA MANCHA;Información y comunicaciones;694592;678463;669374;657788;686356;714945;722748;765793;794513
8;CASTILLA-LA MANCHA;Actividades financieras y de seguros;1321755;1245095;1199446;1181703;1151714;1074308;1214788;1247329;1323940
8;CASTILLA-LA MANCHA;Actividades inmobiliarias;3435686;3388863;3386546;3386544;3467219;3491954;3418837;3315017;3138379
8;CASTILLA-LA MANCHA;Actividades profesionales, científicas y técnicas, actividades administrativas y servicios auxiliares;1444378;1346137;1269623;1261979;1199618;1189695;1133812;1235530;1259240
8;CASTILLA-LA MANCHA;Administración pública y defensa, seguridad social obligatoria, educación, actividades sanitarias y de servicios sociales;7860148;7584694;7403741;7308775;7093006;7122997;7250221;8118508;8271940
8;CASTILLA-LA MANCHA;Actividades artísticas, recreativas y de entretenimiento, reparación de artículos de uso doméstico y otros servicios;1279534;1279831;1247669;1233069;1162324;1170118;1181312;1210142;1198691
9;CATALUÑA;Agricultura, ganadería, silvicultura y pesca;2175294;2190454;2104778;2024680;2072641;2121383;1989191;2111751;2238460
9;CATALUÑA;Industrias extractivas, suministro de energía eléctrica, gas, suministro de agua, actividades de saneamiento, gestión de residuos;45476821;44703427;41844364;39607838;37640766;36644535;36381338;37917917;38933793
9;CATALUÑA;Industria manufacturera;39462505;38673979;36298125;34132456;32444079;30828760;30548051;32036676;32628566
9;CATALUÑA;Construcción;11814768;10967225;9932244;9097644;8714870;8899483;10246049;12174885;14301827
9;CATALUÑA;Comercio al por mayor y al por menor, reparación de vehículos de motor y motocicletas, transporte y almacenamiento, hostelería;51488854;50383748;48046240;46041380;44206955;43658224;44485090;44650879;44371327
9;CATALUÑA;Información y comunicaciones;8232567;7950631;7698805;7401038;7152742;7160105;7371379;7532849;7653829
9;CATALUÑA;Actividades financieras y de seguros;7856698;7571111;7318943;7193763;7038018;6528312;7366798;7628612;8120956
9;CATALUÑA;Actividades inmobiliarias;24100169;23604085;23248963;22846810;23167229;23204384;22724732;21864905;20453384
9;CATALUÑA;Actividades profesionales, científicas y técnicas, actividades administrativas y servicios auxiliares;19392596;18019722;16997609;16660732;15159070;13956114;13962563;14844478;14664856
9;CATALUÑA;Administración pública y defensa, seguridad social obligatoria, educación, actividades sanitarias y de servicios sociales;31041797;29937973;29214507;27871222;26717722;26872628;27221928;27717399;27910761
9;CATALUÑA;Actividades artísticas, recreativas y de entretenimiento, reparación de artículos de uso doméstico y otros servicios;7640573;7754774;7655153;7578586;7115118;7138197;7364622;7528197;7557431
10;COMUNIDAD VALENCIANA;Agricultura, ganadería, silvicultura y pesca;2330334;2259257;2164997;2233883;2352374;2025406;1960198;1992180;2084300
10;COMUNIDAD VALENCIANA;Industrias extractivas, suministro de energía eléctrica, gas, suministro de agua, actividades de saneamiento, gestión de residuos;19643302;19327623;18185709;17436658;16603912;16020325;15796243;16631023;16261288
10;COMUNIDAD VALENCIANA;Industria manufacturera;16025888;15839972;14829032;14228407;13575059;12974636;12685700;13558192;13150609
10;COMUNIDAD VALENCIANA;Construcción;7889851;7197782;6422562;5982812;5647264;5653789;6815381;7810831;9682957
10;COMUNIDAD VALENCIANA;Comercio al por mayor y al por menor, reparación de vehículos de motor y motocicletas, transporte y almacenamiento, hostelería;24765240;24387158;23175193;22217013;21281561;20841491;21359498;22271770;22104372
10;COMUNIDAD VALENCIANA;Información y comunicaciones;2375389;2300217;2277238;2215520;2194803;2272020;2309196;2425505;2513905
10;COMUNIDAD VALENCIANA;Actividades financieras y de seguros;3870032;3590834;3439275;3379616;3310958;3078055;3523867;3680589;3997403
10;COMUNIDAD VALENCIANA;Actividades inmobiliarias;12356179;12167601;12100385;11991610;12303630;12450503;12169009;11827877;11122318
10;COMUNIDAD VALENCIANA;Actividades profesionales, científicas y técnicas, actividades administrativas y servicios auxiliares;6359746;5921206;5633317;5508474;5020773;4821323;4886547;5272096;5357841
10;COMUNIDAD VALENCIANA;Administración pública y defensa, seguridad social obligatoria, educación, actividades sanitarias y de servicios sociales;17625934;17150396;17025992;16476456;16000984;15866755;15645127;16511142;16568858
10;COMUNIDAD VALENCIANA;Actividades artísticas, recreativas y de entretenimiento, reparación de artículos de uso doméstico y otros servicios;4217871;4191880;4086648;4065142;3840624;3861363;4011929;4088862;4020844
11;EXTREMADURA;Agricultura, ganadería, silvicultura y pesca;1506836;1513895;1456454;1301807;1053602;976949;982316;1036165;1083894
11;EXTREMADURA;Industrias extractivas, suministro de energía eléctrica, gas, suministro de agua, actividades de saneamiento, gestión de residuos;2544923;2483845;2299512;2229628;2179576;2263062;2217196;2211919;2110368
11;EXTREMADURA;Industria manufacturera;1395412;1347642;1224296;1126528;1107616;1148218;1229046;1278583;1241113
11;EXTREMADURA;Construcción;1378589;1269942;1227317;1189735;1131891;1149526;1377127;1642054;1968227
11;EXTREMADURA;Comercio al por mayor y al por menor, reparación de vehículos de motor y motocicletas, transporte y almacenamiento, hostelería;3271065;3186962;2951761;2749819;2622245;2701186;2738320;2784433;2806199
11;EXTREMADURA;Información y comunicaciones;318549;311319;309601;297324;300046;327252;336753;369154;391206
11;EXTREMADURA;Actividades financieras y de seguros;651576;625441;607711;597396;576062;548746;610480;611615;665547
11;EXTREMADURA;Actividades inmobiliarias;1715811;1705847;1703768;1695558;1724026;1734813;1702820;1644439;1564091
11;EXTREMADURA;Actividades profesionales, científicas y técnicas, actividades administrativas y servicios auxiliares;745223;692496;657718;668305;612300;611288;607111;658667;663467
11;EXTREMADURA;Administración pública y defensa, seguridad social obligatoria, educación, actividades sanitarias y de servicios sociales;4770722;4643236;4602350;4555296;4418676;4399408;4296310;4562755;4646807
11;EXTREMADURA;Actividades artísticas, recreativas y de entretenimiento, reparación de artículos de uso doméstico y otros servicios;643566;647270;633597;614379;585712;596676;615020;619576;609277
12;GALICIA;Agricultura, ganadería, silvicultura y pesca;3010503;3207480;2958502;2890032;2858358;2680077;2513657;2500782;2501821
12;GALICIA;Industrias extractivas, suministro de energía eléctrica, gas, suministro de agua, actividades de saneamiento, gestión de residuos;11633495;11067580;10250357;10136363;9653006;10049936;9893458;10356065;10421849
12;GALICIA;Industria manufacturera;8922676;8521970;7824125;7625140;7313675;7374220;7366410;7907072;8005983
12;GALICIA;Construcción;4348931;3953871;3796321;3602300;3468476;3477205;4071026;4584166;5403221
12;GALICIA;Comercio al por mayor y al por menor, reparación de vehículos de motor y motocicletas, transporte y almacenamiento, hostelería;13438713;13127253;12514084;11853359;11160853;10874376;11109221;11242386;11336746
12;GALICIA;Información y comunicaciones;1363121;1336791;1295819;1247378;1259165;1293691;1363541;1404689;1485475
12;GALICIA;Actividades financieras y de seguros;2026733;1891853;1816208;1774713;1733735;1628856;1814322;1893940;2054688
12;GALICIA;Actividades inmobiliarias;4841807;4765641;4742751;4671701;4721131;4714406;4595961;4425574;4137665
12;GALICIA;Actividades profesionales, científicas y técnicas, actividades administrativas y servicios auxiliares;3613109;3383319;3202259;3053478;2739586;2642843;2546141;2720631;2548776
12;GALICIA;Administración pública y defensa, seguridad social obligatoria, educación, actividades sanitarias y de servicios sociales;10572381;10158126;10019283;9888644;9705633;9753569;9720413;10200941;10378573
12;GALICIA;Actividades artísticas, recreativas y de entretenimiento, reparación de artículos de uso doméstico y otros servicios;2032877;2023358;1980270;1965713;1825640;1883162;1941044;1977469;1955518
13;MADRID;Agricultura, ganadería, silvicultura y pesca;135292;133239;128366;141657;107776;173554;152624;116813;118095
13;MADRID;Industrias extractivas, suministro de energía eléctrica, gas, suministro de agua, actividades de saneamiento, gestión de residuos;21432834;21165334;20629631;20016684;19041902;19540818;19497591;19997837;19017886
13;MADRID;Industria manufacturera;14744125;14639558;14137252;13878018;13558709;13532794;13121312;13496866;13161873
13;MADRID;Construcción;10640537;9645962;8771306;8288338;7843756;7870512;9304009;10829892;12333904
13;MADRID;Comercio al por mayor y al por menor, reparación de vehículos de motor y motocicletas, transporte y almacenamiento, hostelería;51197477;48665299;46323301;44071657;41021294;40921855;42150030;42843141;41820173
13;MADRID;Información y comunicaciones;21925040;21108303;20683291;19857040;19230341;18877761;18936434;18923253;18880676
13;MADRID;Actividades financieras y de seguros;11864406;11221296;10739731;10608198;10198232;9398641;10686473;10782851;11528669
13;MADRID;Actividades inmobiliarias;18981399;18397482;18171158;18041326;18294230;18516020;18155781;17436746;16511955
13;MADRID;Actividades profesionales, científicas y técnicas, actividades administrativas y servicios auxiliares;30907372;29313667;27504957;26072476;24802312;23442840;23550001;23981396;22834655
13;MADRID;Administración pública y defensa, seguridad social obligatoria, educación, actividades sanitarias y de servicios sociales;32053420;30934203;30413206;29596609;28940794;29110364;28751078;29367151;29696760
13;MADRID;Actividades artísticas, recreativas y de entretenimiento, reparación de artículos de uso doméstico y otros servicios;8943421;8905336;8747519;8680869;8153049;8107148;8297085;8500588;8510638
14;MURCIA (REGIÓN DE);Agricultura, ganadería, silvicultura y pesca;1600574;1586038;1530961;1409211;1169070;1245430;1055063;955170;1022186
14;MURCIA (REGIÓN DE);Industrias extractivas, suministro de energía eléctrica, gas, suministro de agua, actividades de saneamiento, gestión de residuos;5694308;5601752;5139644;5018675;4538749;4504545;4465095;4479071;4436025
14;MURCIA (REGIÓN DE);Industria manufacturera;4499590;4372559;4043936;3869252;3463217;3437781;3343629;3384510;3316303
14;MURCIA (REGIÓN DE);Construcción;1921102;1773979;1644722;1565212;1516608;1508044;1813929;2164920;2692043
14;MURCIA (REGIÓN DE);Comercio al por mayor y al por menor, reparación de vehículos de motor y motocicletas, transporte y almacenamiento, hostelería;6535525;6420656;6201420;6039782;5702212;5638460;5686241;5735622;5739653
14;MURCIA (REGIÓN DE);Información y comunicaciones;525160;510453;497658;489574;493164;528517;529785;570944;602888
14;MURCIA (REGIÓN DE);Actividades financieras y de seguros;936514;893188;861055;845965;819231;756433;882141;908105;966342
14;MURCIA (REGIÓN DE);Actividades inmobiliarias;2843783;2791118;2776096;2746022;2810301;2829202;2768393;2705282;2574852
14;MURCIA (REGIÓN DE);Actividades profesionales, científicas y técnicas, actividades administrativas y servicios auxiliares;1564716;1476294;1390119;1296166;1184247;1136106;1104161;1189220;1205697
14;MURCIA (REGIÓN DE);Administración pública y defensa, seguridad social obligatoria, educación, actividades sanitarias y de servicios sociales;5703923;5571961;5444379;5285559;5115462;5123798;5138406;5373465;5418708
14;MURCIA (REGIÓN DE);Actividades artísticas, recreativas y de entretenimiento, reparación de artículos de uso doméstico y otros servicios;951849;946786;925340;923901;868870;885855;915516;955065;970123
15;NAVARRA (COMUNIDAD FORAL);Agricultura, ganadería, silvicultura y pesca;625815;628544;631965;606376;595865;573876;588491;531170;550082
15;NAVARRA (COMUNIDAD FORAL);Industrias extractivas, suministro de energía eléctrica, gas, suministro de agua, actividades de saneamiento, gestión de residuos;5966311;5778601;5565884;5436789;5383766;5125368;4970421;5234909;5077599
15;NAVARRA (COMUNIDAD FORAL);Industria manufacturera;5364610;5158465;4993474;4899068;4910497;4613282;4417924;4675402;4537713
15;NAVARRA (COMUNIDAD FORAL);Construcción;1134674;1009489;943401;905835;835989;884008;1076675;1228035;1406313
15;NAVARRA (COMUNIDAD FORAL);Comercio al por mayor y al por menor, reparación de vehículos de motor y motocicletas, transporte y almacenamiento, hostelería;3602893;3509417;3413233;3162996;2963135;2909531;2959835;3021302;3027999
15;NAVARRA (COMUNIDAD FORAL);Información y comunicaciones;369546;360761;359277;352447;347430;364097;370189;404557;420326
15;NAVARRA (COMUNIDAD FORAL);Actividades financieras y de seguros;582512;541375;521061;508497;501595;462163;524419;532968;582925
15;NAVARRA (COMUNIDAD FORAL);Actividades inmobiliarias;1273284;1249500;1237622;1219571;1242398;1256881;1236019;1203213;1139254
15;NAVARRA (COMUNIDAD FORAL);Actividades profesionales, científicas y técnicas, actividades administrativas y servicios auxiliares;1207571;1141786;1060727;978211;860045;863459;903568;938416;888975
15;NAVARRA (COMUNIDAD FORAL);Administración pública y defensa, seguridad social obligatoria, educación, actividades sanitarias y de servicios sociales;3200971;3077594;2926747;2894486;2915093;2920085;2887331;3027184;3010034
15;NAVARRA (COMUNIDAD FORAL);Actividades artísticas, recreativas y de entretenimiento, reparación de artículos de uso doméstico y otros servicios;630969;634062;626183;633144;586411;587818;607125;623170;616304
16;PAÍS VASCO;Agricultura, ganadería, silvicultura y pesca;524183;537084;508975;450680;512554;484599;475304;435204;428038
16;PAÍS VASCO;Industrias extractivas, suministro de energía eléctrica, gas, suministro de agua, actividades de saneamiento, gestión de residuos;19297425;18885407;17461005;17056518;16563504;15938969;16371526;16882694;16390237
16;PAÍS VASCO;Industria manufacturera;17107940;16659010;15319659;14797892;14270976;13832181;14143105;14666658;14261737
16;PAÍS VASCO;Construcción;4430527;4037282;3882252;3702372;3545289;3693565;4132728;4648640;5317238
16;PAÍS VASCO;Comercio al por mayor y al por menor, reparación de vehículos de motor y motocicletas, transporte y almacenamiento, hostelería;13525621;13036876;12609611;11806738;11457191;11244159;11718114;11774399;11960560
16;PAÍS VASCO;Información y comunicaciones;2080140;2026125;1981165;1901135;1898361;1892991;1939478;1967474;2023183
16;PAÍS VASCO;Actividades financieras y de seguros;2300485;2157901;2062860;2028434;1969599;1832096;2073105;2124780;2312751
16;PAÍS VASCO;Actividades inmobiliarias;5508807;5417108;5388241;5363763;5465694;5502453;5341156;5174236;4857326
16;PAÍS VASCO;Actividades profesionales, científicas y técnicas, actividades administrativas y servicios auxiliares;5425311;5061668;4776394;4682923;4146812;4078926;4159835;4268072;4325501
16;PAÍS VASCO;Administración pública y defensa, seguridad social obligatoria, educación, actividades sanitarias y de servicios sociales;11497945;11219349;10985016;10679394;10411729;10283154;10143982;10370332;10322301
16;PAÍS VASCO;Actividades artísticas, recreativas y de entretenimiento, reparación de artículos de uso doméstico y otros servicios;2389023;2415805;2384514;2320829;2177840;2200742;2201161;2251948;2213841
17;RIOJA (LA);Agricultura, ganadería, silvicultura y pesca;392753;371540;328699;461814;447871;397627;372530;379838;399555
17;RIOJA (LA);Industrias extractivas, suministro de energía eléctrica, gas, suministro de agua, actividades de saneamiento, gestión de residuos;2117736;2173998;2166828;2112790;2046652;2053147;2100514;2159993;2060606
17;RIOJA (LA);Industria manufacturera;1871730;1912058;1932653;1871015;1807685;1794883;1822585;1890267;1813044
17;RIOJA (LA);Construcción;523696;465617;443245;430753;421552;412336;493985;584193;697774
17;RIOJA (LA);Comercio al por mayor y al por menor, reparación de vehículos de motor y motocicletas, transporte y almacenamiento, hostelería;1487560;1441395;1368236;1322934;1290131;1287529;1316015;1352883;1365987
17;RIOJA (LA);Información y comunicaciones;150214;146386;143779;133968;132314;132612;139738;146901;150343
17;RIOJA (LA);Actividades financieras y de seguros;294732;276488;262959;256609;251244;232972;267393;274662;304739
17;RIOJA (LA);Actividades inmobiliarias;643131;636362;634630;633327;650238;658023;650218;632311;596434
17;RIOJA (LA);Actividades profesionales, científicas y técnicas, actividades administrativas y servicios auxiliares;387450;360298;341405;329109;297571;276369;285957;291593;285935
17;RIOJA (LA);Administración pública y defensa, seguridad social obligatoria, educación, actividades sanitarias y de servicios sociales;1358538;1308841;1282832;1243652;1204023;1190272;1179285;1226978;1252812
17;RIOJA (LA);Actividades artísticas, recreativas y de entretenimiento, reparación de artículos de uso doméstico y otros servicios;235152;237729;234131;230485;217672;216771;218387;223209;224846
18;CEUTA;Agricultura, ganadería, silvicultura y pesca;2854;3330;2848;2851;2976;2556;2232;2308;2178
18;CEUTA;Industrias extractivas, suministro de energía eléctrica, gas, suministro de agua, actividades de saneamiento, gestión de residuos;93394;92031;88335;89779;86855;89972;80137;74397;68674
18;CEUTA;Industria manufacturera;25925;25524;23948;23222;22597;21971;22480;23808;24352
18;CEUTA;Construcción;83008;75827;73653;68926;64499;66221;80102;93816;113291
18;CEUTA;Comercio al por mayor y al por menor, reparación de vehículos de motor y motocicletas, transporte y almacenamiento, hostelería;317749;311368;299391;284901;269921;272297;281668;279905;292520
18;CEUTA;Información y comunicaciones;14701;14325;14005;14365;13905;14184;14891;16588;17194
18;CEUTA;Actividades financieras y de seguros;37260;34991;33270;32622;31664;29573;32973;33169;35049
18;CEUTA;Actividades inmobiliarias;132007;129378;128255;126077;127023;126862;122464;116565;108822
18;CEUTA;Actividades profesionales, científicas y técnicas, actividades administrativas y servicios auxiliares;60411;56478;53332;53455;49835;48696;47639;49387;48218
18;CEUTA;Administración pública y defensa, seguridad social obligatoria, educación, actividades sanitarias y de servicios sociales;749621;741639;748730;731722;718160;726461;702325;745325;723983
18;CEUTA;Actividades artísticas, recreativas y de entretenimiento, reparación de artículos de uso doméstico y otros servicios;47754;47848;47189;47028;44357;44163;43675;45016;45084
19;MELILLA;Agricultura, ganadería, silvicultura y pesca;1185;1285;1152;1083;1042;995;944;958;953
19;MELILLA;Industrias extractivas, suministro de energía eléctrica, gas, suministro de agua, actividades de saneamiento, gestión de residuos;80780;79866;76763;74036;71977;70982;67735;65972;64076
19;MELILLA;Industria manufacturera;15997;15821;14993;14596;14212;13970;14396;15287;15636
19;MELILLA;Construcción;80023;75599;69586;64523;63363;65303;78982;89829;110337
19;MELILLA;Comercio al por mayor y al por menor, reparación de vehículos de motor y motocicletas, transporte y almacenamiento, hostelería;280753;272567;260153;248991;234510;235409;242107;242802;241787
19;MELILLA;Información y comunicaciones;10608;10337;10183;10170;9992;9912;10355;10468;10550
19;MELILLA;Actividades financieras y de seguros;34233;31978;30664;29626;29184;27851;30625;30837;31993
19;MELILLA;Actividades inmobiliarias;125935;123459;122173;119432;118529;118947;115403;109135;101085
19;MELILLA;Actividades profesionales, científicas y técnicas, actividades administrativas y servicios auxiliares;64040;60425;57060;54824;49932;46108;45012;45789;44134
19;MELILLA;Administración pública y defensa, seguridad social obligatoria, educación, actividades sanitarias y de servicios sociales;689281;680945;687104;674376;655125;656422;631662;669755;655164
19;MELILLA;Actividades artísticas, recreativas y de entretenimiento, reparación de artículos de uso doméstico y otros servicios;48768;48174;47343;45882;43000;40093;41237;43919;43209
